vendor,productNum,description,packQuantity,productType,notes,productUrl,imageUrl
Archival Methods,ArchivalMethods01-013,11.75x15x1.5 drop-front box,1,Boxes,,https://www.archivalmethods.com/product/drop-front-boxes-1-1-2-inch,https://www.archivalmethods.com/productimages/metal-edge-box-archival-methods-v001.jpg
Archival Methods,ArchivalMethods01-035,13.75x19.5x3 drop-front box,1,Boxes,,https://www.archivalmethods.com/product/drop-front-boxes-3-inch,https://www.archivalmethods.com/productimages/Drop-Front-Box-Archival-Methods-v00111.jpg
Archival Methods,ArchivalMethods01-533,11.75x15x3 drop-front box,1,Boxes,,https://www.archivalmethods.com/product/drop-front-boxes-3-inch,https://www.archivalmethods.com/productimages/Drop-Front-Box-Archival-Methods-v00111.jpg
Archival Methods,ArchivalMethods32-107,8x10 fold-lock sleeves,25,Mylar,,https://www.archivalmethods.com/product/side-loading-print-sleeves,https://www.archivalmethods.com/productimages/Side-Loading-Print-Sleeves-Archival-Methods-v01.jpg
Archival Methods,ArchivalMethods32-108,8.5x11 fold-lock sleeves,25,Mylar,,https://www.archivalmethods.com/product/side-loading-print-sleeves,https://www.archivalmethods.com/productimages/Side-Loading-Print-Sleeves-Archival-Methods-v01.jpg
Archival Methods,ArchivalMethods45-007,18x24 Buffered tissue 480 sheets/pack,480,Other,,https://www.archivalmethods.com/product/archival-tissue,https://www.archivalmethods.com/productimages/Archival-Tissue-Archival-Methods-v01.jpg
Archival Products,ArchivalProducts17,11.5x16 EZ Pamphlet Binder-BD Front,1,Other,,https://archival.com/ezpamphletbinder.html,https://archival.com/Graphics/EZ-Pamphlet-Binder-2.png
Boston Connection (www.cutfilm.com),BC16mmLeader1000WhiteSP,16 mm SP White Leader 1000ft roll,1,Film,,http://www.cutfilm.com/supplies.html,
Boston Connection (www.cutfilm.com),BC3/8WhitePaperTape,3/8 inch white paper tape,1,Film,,http://www.cutfilm.com/supplies.html,
Boston Connection (www.cutfilm.com),BC8mmWhiteAcetateLeader,8mm White Acetate Leader 1000 ft.,1,Film,,http://www.cutfilm.com/supplies.html,
Boston Connection (www.cutfilm.com),BCSuper8mmWhiteAcetateLeader,Super 8mm White Acetate Leader 1000 ft.,1,Film,,http://www.cutfilm.com/supplies.html,
Bags Unlimited,BUccas-100,Audio Cassette Case. Clear Styrene.,100,Other,,https://www.bagsunlimited.com/product/5073/audio-cassette-case-holds-one-tapebr-clear-styrene,https://www.bagsunlimited.com/images/product/medium/5073.jpg
Bags Unlimited,Buccasck-100,"Audio cassette cases, clear and black styrene",100,Other,,https://www.bagsunlimited.com/product/7330/audio-cassette-case-holds-one-tapebr-clear-black-styrene,https://www.bagsunlimited.com/images/product/medium/5079.jpg
Bags Unlimited,BUccasph-250,Tape cases,250,Other,,https://www.bagsunlimited.com/product/5079/audio-cassette-case-holds-one-tape-br-soft-translucent-poly,https://www.bagsunlimited.com/images/product/medium/5079.jpg
Bags Unlimited,BUccasph-50,Tape cases ,50,Other,,https://www.bagsunlimited.com/product/5079/audio-cassette-case-holds-one-tape-br-soft-translucent-poly,https://www.bagsunlimited.com/images/product/medium/5079.jpg
Bags Unlimited,BUccasph-500,Tape cases,500,Other,,https://www.bagsunlimited.com/product/5079/audio-cassette-case-holds-one-tape-br-soft-translucent-poly,https://www.bagsunlimited.com/images/product/medium/5079.jpg
Bags Unlimited,BUcvhsc-100,"VHS tape case, Polypropylene",100,Other,,https://www.bagsunlimited.com/product/4540/vhs-tape-case-bclearb-polypropylene-br-font-colorredno-hubfont-no-outer-sleevebr-holds-1-vhs-tape-snap-close-design,https://www.bagsunlimited.com/images/product/medium/4540.jpg
Bags Unlimited,Bucvhsc-25,VHS Tape Case Polypropylene,25,Film,,https://www.bagsunlimited.com/product/4540/vhs-tape-case-bclearb-polypropylene-br-font-colorredno-hubfont-no-outer-sleevebr-holds-1-vhs-tape-snap-close-design,https://www.bagsunlimited.com/images/product/medium/4540.jpg
Bags Unlimited,BUSCDTW-500,Tyvek sleeves with window for CDs ,500,Envelopes,,https://www.bagsunlimited.com/product/4237/tyvek-cd-sleeve-whitebr-4-polypropylene-lined-window-no-flap,https://www.bagsunlimited.com/images/product/medium/scdtw.jpg
Bags Unlimited,Buscdtwf-500,"Tyvek CD sleeve, polypropylene window, fold over flap",500,Other,,https://www.bagsunlimited.com/product/4250/tyvek-cd-sleeve-whitebr-4-polypropylene-lined-window-brfold-over-flap,https://www.bagsunlimited.com/images/product/medium/scdtwf.jpg
Demco,DemcoWK12218340,Laser foil 3x4 labels ,600,Labels,,https://www.demco.com/demco-reg-gaylord-reg-multipurpose-processing-labels-3-13-x-4?simpleProduct=49511,"https://www.demco.com/media/catalog/product/x/1/x1288208ala_d.jpg?quality=80&bg-color=255,255,255&fit=bounds&height=500&width=500&canvas=500:500"
Demco,DemcoWK12218390,Laser foil 2x4 labels ,1000,Labels,,https://www.demco.com/demco-reg-gaylord-reg-multipurpose-processing-labels-2-x-4?recid=product_PageElement_product1_rr_1&rrec=true,"https://www.demco.com/media/catalog/product/x/1/x1288206ala_d.jpg?quality=80&bg-color=255,255,255&fit=bounds&height=500&width=500&canvas=500:500"
Gaylord,GaylordCF1264,4x6x12 card file box,1,Boxes,,https://www.gaylord.com/Preservation/Artifact-%26-Collectibles-Preservation/Boxes%2C-Trays-%26-Dividers/Storage-Boxes/Gaylord-Archival%26%23174%3B-Blue-Grey-Barrier-Board-Card-File-Box/p/HYB02279?text=cf1264,https://gaylord.widen.net/content/gztlnu9une/jpeg/CF1253.jpeg?w=1500&h=1500&position=c&color=ffffff&quality=100&u=ryrcmg
Gaylord,GaylordCX1055,Custom Burly Box,1,Boxes,,https://www.gaylord.com/Custom-Box-Builder/8/p/burly?text=cx1055,https://embed.widencdn.net/img/gaylord/z4kmpuhvvl/538x538px/BoxStyles-09.jpeg?position=c&crop=no&color=ffffff&quality=100&use=xv1c5
Gaylord,GaylordHG61210,Blue letter doc cartons,1,Boxes,,https://www.gaylord.com/Preservation/Document-Preservation/Record-Storage-Cartons/Gaylord-Archival%26%23174%3B-Ultimate-Flip-Top-Half-Size-Letter-Record-Storage-Carton/p/HG61210?text=hg61210,https://gaylord.widen.net/content/qaobbkqaus/jpeg/HG61210.jpeg?w=134&h=134&position=c&color=ffffff&quality=100&u=ryrcmg
Gaylord,GaylordHG61510,Blue legal doc cartons,1,Boxes,,https://www.gaylord.com/Preservation/Document-Preservation/Record-Storage-Cartons/Gaylord-Archival%26%23174%3B-Ultimate-Flip-Top-Half-Size-Legal-Record-Storage-Carton/p/HG61510?text=hg61510,https://gaylord.widen.net/content/qro4nu5pvo/jpeg/HG61510.jpeg?w=134&h=134&position=c&color=ffffff&quality=100&u=ryrcmg
Gaylord,GaylordOFF1824,18.75x24.75 folders 10/pack,10,Folders,,https://www.gaylord.com/Preservation/Document-Preservation/Folders/Gaylord-Archival%26%23174%3B-Oversize-Newspaper-File-Folders-%2810-Pack%29/p/HYB09542?text=off1824,https://gaylord.widen.net/content/sshqbcz0bi/jpeg/OFF1217a.jpeg?w=134&h=134&position=c&color=ffffff&quality=100&u=ryrcmg
Gaylord,GaylordOFF2024,20x24 folders 10/pack,10,Folders,,https://www.gaylord.com/Preservation/Document-Preservation/Folders/Gaylord-Archival%26%23174%3B-Buffered-Oversize-File-Folders-%2810-Pack%29/p/HYB00030?text=off2024,https://gaylord.widen.net/content/o5ft4iwzc8/jpeg/goff1117.jpeg?w=134&h=134&position=c&color=ffffff&quality=100&u=ryrcmg
Gaylord,GaylordPB10123,10.25x12.25x3 drop-front box,1,Boxes,,https://www.gaylord.com/Preservation/Photo%2C-Print-%26-Art-Preservation/Storage-Boxes/Gaylord-Archival%26%23174%3B-Blue-Grey-Barrier-Board-Drop-Front-Deep-Lid-Print-Box/p/HYB02326?text=pb10123,https://gaylord.widen.net/content/cyc6eoiavs/jpeg/DPB85113.jpeg?w=134&h=134&position=c&color=ffffff&quality=100&u=ryrcmg
Gaylord,GaylordPF1012,12x10 folders 10/pack,10,Folders,,https://www.gaylord.com/Preservation/Photo%2C-Print-%26-Art-Preservation/Envelopes%2C-Sleeves-%26-Protectors/Gaylord-Archival%26%23174%3B-10-pt-Print-Folders-%2810-Pack%29/p/HYB01701?text=pf1012,https://gaylord.widen.net/content/xva9ccy6iu/jpeg/PF810.jpeg?w=134&h=134&position=c&color=ffffff&quality=100&u=ryrcmg
Gaylord,GaylordWE210B,80 lb. text buffered negative strip envelopes 100/pk,100,Envelopes,,https://www.gaylord.com/Preservation/Archival-Envelopes%2C-Sleeves-%26-Protectors/Gaylord-Archival%26%23174%3B-80-lb-Text-Buffered-Negative-Strip-Envelopes-%28100-Pack%29/p/WE210B?text=we210b,https://gaylord.widen.net/content/cudegufeqt/jpeg/WE210.jpeg?w=134&h=134&position=c&color=ffffff&quality=100&u=ryrcmg
Gaylord,GaylordZ46-4M,4x6 zip-top bags 4 mil. 100/pack,100,Other,,https://www.gaylord.com/Preservation/Artifact-%26-Collectibles-Preservation/Labeling-%26-Supplies/4-mil-Polyethylene-Zip-Top-Bags-%28100-Pack%29/p/HYB01350?text=z46-4m,https://gaylord.widen.net/content/zildsafxno/jpeg/Z223.jpeg?w=134&h=134&position=c&color=ffffff&quality=100&u=ryrcmg
Gaylord,GaylordZZ-MIC,8 inch micro-spatula with straight end,1,Other,,https://www.gaylord.com/Preservation/Book-%26-Pamphlet-Preservation/Repair-Tools-%26-Supplies/Other-Tools-%26-Supplies/8%22-Stainless-Steel-Spatula-with-Straight-End/p/MIC?mpcCode=ZZ,https://gaylord.widen.net/content/1o8aowezrn/jpeg/MIC.jpeg?w=134&h=134&position=c&color=ffffff&quality=100&u=ryrcmg
E. Gerber Archival Products,GerberSamples,Mylar sleeve sample pack,1,Mylar,,https://www.egerber.com/,
Gryphon Industries,GryphonDillTypeATruck,large book truck,1,Other,,https://www.gryphonbooktrucks.com/pages/gtl.html,https://www.gryphonbooktrucks.com/images/GTL3BL.jpg
Hollinger,Hollinger10360AB,Legal document case,1,Boxes,,https://www.hollingermetaledge.com/the-hollinger-box-document-storage-cases/,https://cdn11.bigcommerce.com/s-uz4521xzld/images/stencil/608x608/products/2293/4388/THBDSC__98476.1602963274.jpg?c=1
Hollinger,Hollinger10362,Legal spacers,1,Other,,https://www.hollingermetaledge.com/document-support-spacer/,https://cdn11.bigcommerce.com/s-uz4521xzld/images/stencil/608x608/products/1859/4006/DSS__09695.1602962953.jpg?c=1
Hollinger,Hollinger10370AB,Letter document case,1,Boxes,,https://www.hollingermetaledge.com/the-hollinger-box-document-storage-cases/,https://cdn11.bigcommerce.com/s-uz4521xzld/images/stencil/608x608/products/2293/4388/THBDSC__98476.1602963274.jpg?c=1
Hollinger,Hollinger10372,Letter spacers,1,Other,,https://www.hollingermetaledge.com/document-support-spacer/,https://cdn11.bigcommerce.com/s-uz4521xzld/images/stencil/608x608/products/1859/4006/DSS__09695.1602962953.jpg?c=1
Hollinger,Hollinger10380AB,Slim legal doc case,1,Boxes,,https://www.hollingermetaledge.com/the-hollinger-box-document-storage-cases/,https://cdn11.bigcommerce.com/s-uz4521xzld/images/stencil/608x608/products/2293/4388/THBDSC__98476.1602963274.jpg?c=1
Hollinger,Hollinger10390AB,Slim Letter document case,1,Boxes,,https://www.hollingermetaledge.com/the-hollinger-box-document-storage-cases/,https://cdn11.bigcommerce.com/s-uz4521xzld/images/stencil/608x608/products/2293/4388/THBDSC__98476.1602963274.jpg?c=1
Hollinger,Hollinger10512HGI,12x6.25x5 Microfiche box,1,Boxes,,https://www.hollingermetaledge.com/intercept-microfiche-boxes/,https://cdn11.bigcommerce.com/s-uz4521xzld/images/stencil/608x608/products/1992/4125/IMBA__16662.1602963034.jpg?c=1
Hollinger,Hollinger10590AB,10.5x8.5x3 drop-front box,1,Boxes,,https://www.hollingermetaledge.com/drop-front-boxes/,https://cdn11.bigcommerce.com/s-uz4521xzld/images/stencil/608x608/products/1845/3992/DFB__61209.1602962928.jpg?c=1
Hollinger,Hollinger10595AB,10.5x8.5x1.5 drop-front box,1,Boxes,,https://www.hollingermetaledge.com/drop-front-boxes/,https://cdn11.bigcommerce.com/s-uz4521xzld/images/stencil/608x608/products/1845/3992/DFB__61209.1602962928.jpg?c=1
Hollinger,Hollinger10610AB,12.5x9.5x3 drop-front box,1,Boxes,same size as DF1293,https://www.hollingermetaledge.com/drop-front-boxes/,https://cdn11.bigcommerce.com/s-uz4521xzld/images/stencil/608x608/products/1845/3992/DFB__61209.1602962928.jpg?c=1
Hollinger,Hollinger10615AB,12.5x9.5x1.5 drop-front box,1,Boxes,,https://www.hollingermetaledge.com/drop-front-boxes/,https://cdn11.bigcommerce.com/s-uz4521xzld/images/stencil/608x608/products/1845/3992/DFB__61209.1602962928.jpg?c=1
Hollinger,Hollinger10630AB,14.5x11.5x3 drop-front box,1,Boxes,,https://www.hollingermetaledge.com/drop-front-boxes/,https://cdn11.bigcommerce.com/s-uz4521xzld/images/stencil/608x608/products/1845/3992/DFB__61209.1602962928.jpg?c=1
Hollinger,Hollinger10635AB,14.5x11.5x1.5 drop-front box,1,Boxes,,https://www.hollingermetaledge.com/drop-front-boxes/,https://cdn11.bigcommerce.com/s-uz4521xzld/images/stencil/608x608/products/1845/3992/DFB__61209.1602962928.jpg?c=1
Hollinger,Hollinger10640AB,20.5x16.5x3 drop-front box,1,Boxes,,https://www.hollingermetaledge.com/drop-front-boxes/,https://cdn11.bigcommerce.com/s-uz4521xzld/images/stencil/608x608/products/1845/3992/DFB__61209.1602962928.jpg?c=2
Hollinger,Hollinger10640F,16x20 map folder 10/pack,10,Folders,,https://www.hollingermetaledge.com/drop-front-box-folders/,https://cdn11.bigcommerce.com/s-uz4521xzld/images/stencil/608x608/products/1846/3993/DFBFA__31909.1602962944.jpg?c=1
Hollinger,Hollinger10645AB,20.5x16.5x1.5 drop-front box,1,Boxes,,https://www.hollingermetaledge.com/drop-front-boxes/,https://cdn11.bigcommerce.com/s-uz4521xzld/images/stencil/608x608/products/1846/3993/DFBFA__31909.1602962944.jpg?c=2
Hollinger,Hollinger10650AB,18.5x14.5x3 drop-front box,1,Boxes,,https://www.hollingermetaledge.com/drop-front-boxes/,https://cdn11.bigcommerce.com/s-uz4521xzld/images/stencil/608x608/products/1846/3993/DFBFA__31909.1602962944.jpg?c=3
Hollinger,Hollinger10650F,18.5x14.5 folders 10/pack,10,Folders,,https://www.hollingermetaledge.com/drop-front-box-folders/,https://cdn11.bigcommerce.com/s-uz4521xzld/images/stencil/608x608/products/1846/3993/DFBFA__31909.1602962944.jpg?c=1
Hollinger,Hollinger10650HG,18.5x14.5x3 drop-front box,1,Boxes,,https://www.hollingermetaledge.com/drop-front-boxes/,https://cdn11.bigcommerce.com/s-uz4521xzld/images/stencil/608x608/products/1846/3993/DFBFA__31909.1602962944.jpg?c=2
Hollinger,Hollinger10652AB,19.5x13.5x3 drop-front box,1,Boxes,,https://www.hollingermetaledge.com/drop-front-boxes/,https://cdn11.bigcommerce.com/s-uz4521xzld/images/stencil/608x608/products/1846/3993/DFBFA__31909.1602962944.jpg?c=3
Hollinger,Hollinger10652DG,19.5x13.5x3,1,Boxes,same as DF1913,https://www.hollingermetaledge.com/drop-front-boxes/,https://cdn11.bigcommerce.com/s-uz4521xzld/images/stencil/608x608/products/1846/3993/DFBFA__31909.1602962944.jpg?c=4
Hollinger,Hollinger10652F,19.5x13.5 folders 10/pack,10,Folders,,https://www.hollingermetaledge.com/drop-front-box-folders/,https://cdn11.bigcommerce.com/s-uz4521xzld/images/stencil/608x608/products/1846/3993/DFBFA__31909.1602962944.jpg?c=1
Hollinger,Hollinger10655AB,18.5x14.5x1.5 drop-front boxes,1,Boxes,,https://www.hollingermetaledge.com/drop-front-boxes/,https://cdn11.bigcommerce.com/s-uz4521xzld/images/stencil/608x608/products/1846/3993/DFBFA__31909.1602962944.jpg?c=2
Hollinger,Hollinger10657AB,19.5x13.5x1.5 drop-front box,1,Boxes,,https://www.hollingermetaledge.com/drop-front-boxes/,https://cdn11.bigcommerce.com/s-uz4521xzld/images/stencil/608x608/products/1846/3993/DFBFA__31909.1602962944.jpg?c=3
Hollinger,Hollinger10660AB,24.5x20.5x3 drop-front box,1,Boxes,,https://www.hollingermetaledge.com/drop-front-boxes/,https://cdn11.bigcommerce.com/s-uz4521xzld/images/stencil/608x608/products/1846/3993/DFBFA__31909.1602962944.jpg?c=4
Hollinger,Hollinger10660F,24.5x20.5 folders 10/pack,10,Folders,,https://www.hollingermetaledge.com/drop-front-box-folders/,https://cdn11.bigcommerce.com/s-uz4521xzld/images/stencil/608x608/products/1846/3993/DFBFA__31909.1602962944.jpg?c=1
Hollinger,Hollinger10665AB,24.5x20.5x1.15 drop-front box,1,Boxes,,https://www.hollingermetaledge.com/drop-front-boxes/,https://cdn11.bigcommerce.com/s-uz4521xzld/images/stencil/608x608/products/1846/3993/DFBFA__31909.1602962944.jpg?c=2
Hollinger,Hollinger10670AB,28.5x22.5x3 drop-front box,1,Boxes,,https://www.hollingermetaledge.com/drop-front-boxes/,https://cdn11.bigcommerce.com/s-uz4521xzld/images/stencil/608x608/products/1846/3993/DFBFA__31909.1602962944.jpg?c=3
Hollinger,Hollinger10670F,22x28 folder 10/pack,10,Folders,,https://www.hollingermetaledge.com/drop-front-box-folders/,https://cdn11.bigcommerce.com/s-uz4521xzld/images/stencil/608x608/products/1846/3993/DFBFA__31909.1602962944.jpg?c=1
Hollinger,Hollinger10675AB,28.5x22.5x1.5 drop-front box,1,Boxes,,https://www.hollingermetaledge.com/drop-front-boxes/,https://cdn11.bigcommerce.com/s-uz4521xzld/images/stencil/608x608/products/1846/3993/DFBFA__31909.1602962944.jpg?c=2
Hollinger,Hollinger10677AB,30.5x24.5x3 drop-front box,1,Boxes,,https://www.hollingermetaledge.com/drop-front-boxes/,https://cdn11.bigcommerce.com/s-uz4521xzld/images/stencil/608x608/products/1846/3993/DFBFA__31909.1602962944.jpg?c=3
Hollinger,Hollinger10677F,30.5x24.5 folders 10/pack,10,Folders,,https://www.hollingermetaledge.com/drop-front-box-folders/,https://cdn11.bigcommerce.com/s-uz4521xzld/images/stencil/608x608/products/1846/3993/DFBFA__31909.1602962944.jpg?c=1
Hollinger,Hollinger10679AB,30.5x24.5x1.5 drop-font box,1,Boxes,,https://www.hollingermetaledge.com/drop-front-boxes/,https://cdn11.bigcommerce.com/s-uz4521xzld/images/stencil/608x608/products/1846/3993/DFBFA__31909.1602962944.jpg?c=3
Hollinger,Hollinger11142,Letter folders 100/pack,100,Folders,,https://www.hollingermetaledge.com/reinforced-1-1-2-full-tab-file-folders/,https://cdn11.bigcommerce.com/s-uz4521xzld/images/stencil/608x608/products/2169/4509/RTFF__62575.1603850357.jpg?c=1
Hollinger,Hollinger11152,Legal folders 100/pack,100,Folders,,https://www.hollingermetaledge.com/reinforced-1-1-2-full-tab-file-folders/,https://cdn11.bigcommerce.com/s-uz4521xzld/images/stencil/608x608/products/2169/4509/RTFF__62575.1603850357.jpg?c=1
Hollinger,Hollinger11430,5x7 buffered thumbcut envelope,100,Envelopes,,https://www.hollingermetaledge.com/buffered-negative-print-storage-envelopes/,https://cdn11.bigcommerce.com/s-uz4521xzld/images/stencil/1280x1280/products/1767/4562/BNSE__99243.1603860945.png?c=1?imbypass=on
Hollinger,Hollinger11706AB,12x9x3 cassette boxes grey,1,Boxes,same as AC1293,https://www.hollingermetaledge.com/hollinger-audio-video-cassette-boxes/,https://cdn11.bigcommerce.com/s-uz4521xzld/images/stencil/608x608/products/1943/4081/HAVCB__77329.1602963008.jpg?c=1
Hollinger,Hollinger11706HT,12x9x3 cassette box tan,1,Boxes,,https://www.hollingermetaledge.com/hollinger-audio-video-cassette-boxes/,https://cdn11.bigcommerce.com/s-uz4521xzld/images/stencil/608x608/products/1943/4081/HAVCB__77329.1602963008.jpg?c=1
Hollinger,Hollinger11715AB,12x5.125x3.5 card file box w/full lid,1,Boxes,,https://www.hollingermetaledge.com/card-file-hollinger-shoe-boxes/,https://cdn11.bigcommerce.com/s-uz4521xzld/images/stencil/608x608/products/1812/3960/CFSB__87251.1602962908.jpg?c=1
Hollinger,Hollinger11725AB,Full lid card file box for 4x6 cards,1,Boxes,,https://www.hollingermetaledge.com/card-file-hollinger-shoe-boxes/,https://cdn11.bigcommerce.com/s-uz4521xzld/images/stencil/608x608/products/1812/3960/CFSB__87251.1602962908.jpg?c=1
Hollinger,Hollinger2ML1117,11.25x17.25 2 mil. mylar L-sleeves,10,Mylar,,https://www.hollingermetaledge.com/2-mil-archival-polyester-l-sleeves-1/,https://cdn11.bigcommerce.com/s-uz4521xzld/images/stencil/608x608/products/1678/4571/2MAPL__61821.1603862029.jpg?c=1
Hollinger,Hollinger2ML811,2 mil. 8.75 x 11.25 L-sleeves,10,Mylar,,https://www.hollingermetaledge.com/2-mil-archival-polyester-l-sleeves-1/,https://cdn11.bigcommerce.com/s-uz4521xzld/images/stencil/608x608/products/1678/4571/2MAPL__61821.1603862029.jpg?c=1
Hollinger,Hollinger2ML912,9.25 x 12.25 2 mil. mylar L-sleeves,10,Mylar,,https://www.hollingermetaledge.com/2-mil-archival-polyester-l-sleeves-1/,https://cdn11.bigcommerce.com/s-uz4521xzld/images/stencil/608x608/products/1678/4571/2MAPL__61821.1603862029.jpg?c=1
Hollinger,Hollinger2PF3648,36x48 folder (20 pt.),1,Folders,same as 11110,https://www.hollingermetaledge.com/20-pt-box-print-map-folders/,https://cdn11.bigcommerce.com/s-uz4521xzld/images/stencil/608x608/products/2360/4479/BPMFA20__34762.1603822785.png?c=1
Hollinger,Hollinger534,Dahle Professional Paper cutter 22.75 x 11.25 table size,1,Other,,https://www.hollingermetaledge.com/dahle-professional-paper-cutters/,https://cdn11.bigcommerce.com/s-uz4521xzld/images/stencil/608x608/products/1854/4001/DPPC__29023.1602962950.jpg?c=1
Hollinger,HollingerCustom36x24.5,36x24.5x3 drop-front box,1,Boxes,special order,https://www.hollingermetaledge.com/,
Hollinger,HollingerCustomSupport35x24.5,Support board for custom 36x24.5x3 boxes,1,Boxes,special order,https://www.hollingermetaledge.com/,
Hollinger,HollingerDF1193,11.5x9x3 drop-front box,1,Boxes,,https://www.hollingermetaledge.com/drop-front-boxes/,https://cdn11.bigcommerce.com/s-uz4521xzld/images/stencil/608x608/products/1845/3992/DFB__61209.1602962928.jpg?c=1
Hollinger,HollingerDF17111,17.5x11.5x1.5 drop-front box,1,Boxes,,https://www.hollingermetaledge.com/drop-front-boxes/,https://cdn11.bigcommerce.com/s-uz4521xzld/images/stencil/608x608/products/1845/3992/DFB__61209.1602962928.jpg?c=1
Hollinger,HollingerDF17113,17.5x11.5x3 drop-front box,1,Boxes,,https://www.hollingermetaledge.com/drop-front-boxes/,https://cdn11.bigcommerce.com/s-uz4521xzld/images/stencil/608x608/products/1845/3992/DFB__61209.1602962928.jpg?c=1
Hollinger,HollingerDF1824,24.5x18.5x3 drop-front box,1,Boxes,,https://www.hollingermetaledge.com/drop-front-boxes/,https://cdn11.bigcommerce.com/s-uz4521xzld/images/stencil/608x608/products/1845/3992/DFB__61209.1602962928.jpg?c=1
Hollinger,HollingerDF18241,24.5x18.5x1.5 drop-front boxe,1,Boxes,,https://www.hollingermetaledge.com/drop-front-boxes/,https://cdn11.bigcommerce.com/s-uz4521xzld/images/stencil/608x608/products/1845/3992/DFB__61209.1602962928.jpg?c=1
Hollinger,HollingerDP1114,11x14 mylar ,50,Mylar,,https://www.hollingermetaledge.com/lightweight-archival-polyester-folders-2-mil/,https://cdn11.bigcommerce.com/s-uz4521xzld/images/stencil/608x608/products/2014/4540/LAPF2M1__89877.1603854444.jpg?c=1
Hollinger,HollingerDP811,Letter mylar,50,Mylar,,https://www.hollingermetaledge.com/lightweight-archival-polyester-folders-2-mil/,https://cdn11.bigcommerce.com/s-uz4521xzld/images/stencil/608x608/products/2014/4540/LAPF2M1__89877.1603854444.jpg?c=1
Hollinger,HollingerDP814,Legal Mylar,50,Mylar,,https://www.hollingermetaledge.com/lightweight-archival-polyester-folders-2-mil/,https://cdn11.bigcommerce.com/s-uz4521xzld/images/stencil/608x608/products/2014/4540/LAPF2M1__89877.1603854444.jpg?c=1
Hollinger,HollingerE69,6x9 envelope,100,Envelopes,,https://www.hollingermetaledge.com/preservation-quality-envelope-storage/,https://cdn11.bigcommerce.com/s-uz4521xzld/images/stencil/608x608/products/2141/4513/PQES__32159.1603850561.png?c=1
Hollinger,HollingerES1013,10x13 envelope sling,10,Envelopes,,https://www.hollingermetaledge.com/envelope-slings/,https://cdn11.bigcommerce.com/s-uz4521xzld/images/stencil/608x608/products/1875/4019/ES__48160.1602962960.jpg?c=1
Hollinger,HollingerES72,7.5x10.5 envelope sling,10,Envelopes,,https://www.hollingermetaledge.com/envelope-slings/,https://cdn11.bigcommerce.com/s-uz4521xzld/images/stencil/608x608/products/1875/4019/ES__48160.1602962960.jpg?c=1
Hollinger,HollingerES91,9x12 envelope sling,10,Envelopes,,https://www.hollingermetaledge.com/envelope-slings/,https://cdn11.bigcommerce.com/s-uz4521xzld/images/stencil/608x608/products/1875/4019/ES__48160.1602962960.jpg?c=1
Hollinger,HollingerIP1418,14x18 interleaving paper,100,Other,,https://www.hollingermetaledge.com/interleaving-paper/,https://cdn11.bigcommerce.com/s-uz4521xzld/images/stencil/608x608/products/1995/4128/IP__05903.1602963038.jpg?c=1
Hollinger,HollingerIP3240,16x20 buffered interleaving paper,100,Other,,https://www.hollingermetaledge.com/interleaving-paper/,https://cdn11.bigcommerce.com/s-uz4521xzld/images/stencil/608x608/products/1995/4128/IP__05903.1602963038.jpg?c=1
Hollinger,HollingerLSB34,10 1/2 x 3 5/8 x 4 1/2 Lantern Slide boxes,1,Photos,,https://www.hollingermetaledge.com/lantern-slide-envelopes-storage-box/,https://cdn11.bigcommerce.com/s-uz4521xzld/images/stencil/608x608/products/2028/4159/LSESB__88279.1602963059.jpg?c=1
Hollinger,HollingerLSE34,3 3/8 x 4 1/8 Lantern Slide envelopes ,50,Photos,,https://www.hollingermetaledge.com/lantern-slide-envelopes-storage-box/,https://cdn11.bigcommerce.com/s-uz4521xzld/images/stencil/608x608/products/2028/4159/LSESB__88279.1602963059.jpg?c=1
Hollinger,HollingerPBP811,Permalife Bond Paper,500,Other,,https://www.hollingermetaledge.com/permalife-bond-sheets/,https://cdn11.bigcommerce.com/s-uz4521xzld/images/stencil/608x608/products/2099/4224/PBS__24716.1602963097.jpg?c=1
Hollinger,HollingerPC1264,12x6 postcard box,1,Boxes,,https://www.hollingermetaledge.com/postcard-boxes/,https://cdn11.bigcommerce.com/s-uz4521xzld/images/stencil/608x608/products/2146/4261/PSBAPPP__55946.1602963138.jpg?c=1
Hollinger,HollingerPF129,10 pt 9x12 folder,0,Folders,,https://www.hollingermetaledge.com/box-print-map-folders/,https://cdn11.bigcommerce.com/s-uz4521xzld/images/stencil/1280x1280/products/1770/4561/BPMF__41704.1603860910.jpg?c=1?imbypass=on
Hollinger,HollingerPF1319,10 pt 13.25x19 folder,0,Folders,,https://www.hollingermetaledge.com/box-print-map-folders/,https://cdn11.bigcommerce.com/s-uz4521xzld/images/stencil/1280x1280/products/1770/4561/BPMF__41704.1603860910.jpg?c=1?imbypass=on
Hollinger,HollingerPF1611,11x16.75 folders,1,Folders,,https://www.hollingermetaledge.com/box-print-map-folders/,https://cdn11.bigcommerce.com/s-uz4521xzld/images/stencil/1280x1280/products/1770/4561/BPMF__41704.1603860910.jpg?c=1?imbypass=on
Hollinger,HollingerPF1824,18x24 folders,1,Folders,,https://www.hollingermetaledge.com/box-print-map-folders/,https://cdn11.bigcommerce.com/s-uz4521xzld/images/stencil/1280x1280/products/1770/4561/BPMF__41704.1603860910.jpg?c=1?imbypass=on
Hollinger,HollingerPF2024,20x24 box folder,1,Folders,,https://www.hollingermetaledge.com/box-print-map-folders/,https://cdn11.bigcommerce.com/s-uz4521xzld/images/stencil/1280x1280/products/1770/4561/BPMF__41704.1603860910.jpg?c=1?imbypass=on
Hollinger,HollingerPF2436,24x36 folders,1,Folders,,https://www.hollingermetaledge.com/box-print-map-folders/,https://cdn11.bigcommerce.com/s-uz4521xzld/images/stencil/1280x1280/products/1770/4561/BPMF__41704.1603860910.jpg?c=1?imbypass=on
Hollinger,HollingerSSCS,Dry Cleaning Sponge,1,Other,,https://www.hollingermetaledge.com/book-paper-dry-cleaning-sponge/,https://cdn11.bigcommerce.com/s-uz4521xzld/images/stencil/1280x1280/products/1769/3920/BPDCS__19579.1602962882.jpg?c=1?imbypass=on
Paige,Paige15MiracleBox,Paige 15 Miracle Boxes,1,Boxes,,https://www.paigecompany.com/product-catalog/3-miracle-box.html,https://www.paigecompany.com/components/com_virtuemart/show_image_in_imgtag.php?filename=resized%2FMiracle_Box_4f3133bb89253_160x160.jpg&newxsize=160&newysize=160&fileout=
Paige,Paige15MiracleBoxLids,Paige 15 Miracle Box lids,1,Boxes,,https://www.paigecompany.com/product-catalog/3-miracle-box.html,https://www.paigecompany.com/components/com_virtuemart/show_image_in_imgtag.php?filename=resized%2FMiracle_Box_4f3133bb89253_160x160.jpg&newxsize=160&newysize=160&fileout=
Plastiklips,PlastiklipsLP-0316,Medium clear Plastiklips 1500/pk,1500,Other,,https://www.plastiklips.com/products/medium-plastiklips-clear-lp-0316-qty-3000-6-boxes-of-500?_pos=1&_sid=84195537f&_ss=r,https://cdn.shopify.com/s/files/1/2959/6432/products/lp-0316_packaging_1024x1024@2x.jpg?v=1578430957
Print File,PrintFile056-0290,2.5x2.5 photo pages 100/pack,100,Photos,,https://printfile.com/product/225-12hb-instagram-100pack/,https://i0.wp.com/printfile.com/wp-content/uploads/2020/01/225-12HB_instagram.jpg?fit=1065%2C1065&ssl=1
Print File,PrintFile060-0603,3.5x3.5 photo pages 500/pack,500,Photos,,https://printfile.com/product/33-12p-500pack/,https://i2.wp.com/printfile.com/wp-content/uploads/2019/09/33-12P_WEB.jpg?fit=1129%2C1129&ssl=1
Print File,PrintFile060-0623,4x5 photo pages 500/pack,500,Photos,,https://printfile.com/product/45-8p_500pack/,https://i0.wp.com/printfile.com/wp-content/uploads/2019/09/45-8P_WEB.jpg?fit=483%2C483&ssl=1
Print File,PrintFile060-0633,4x6 photo pages 500/pack,500,Photos,,https://printfile.com/product/46-6p_500/,https://i2.wp.com/printfile.com/wp-content/uploads/2019/10/46-6P-WEB.jpg?fit=487%2C487&ssl=1
Print File,PrintFile060-0643,5x7 photo pages 500/pack,500,Photos,,https://printfile.com/product/57-4p_500/,https://i1.wp.com/printfile.com/wp-content/uploads/2019/09/57-4P_WEB.jpg?fit=481%2C481&ssl=1
Print File,PrintFile060-0653,8x10 photo pages 500/pack,500,Photos,,https://printfile.com/product/810-2p_500/,https://i2.wp.com/printfile.com/wp-content/uploads/2019/09/810-2P_WEB.jpg?fit=477%2C477&ssl=1
Print File,PrintFile060-0663,8.5x11 photo pages 500/pack,500,Photos,,https://printfile.com/product/811-2p_500/,https://i0.wp.com/printfile.com/wp-content/uploads/2019/09/811-2P_WEB.jpg?fit=1077%2C1077&ssl=1
Print File,PrintFile075-0035,3.5 x 5.5 fold flap 3 mil mylar for postcards,50,Mylar,,https://printfile.com/product/postcard-foldflap-50pack/,https://i2.wp.com/printfile.com/wp-content/uploads/2019/11/FoldFlap-print_WEB.jpg?fit=1023%2C1023&ssl=1
Print File,PrintFile075-0450,4x5 fold-flap photo sleeves,50,Mylar,,https://printfile.com/product/4x5-foldflap-50pack/,https://printfile.com/product/4x5-foldflap-50pack/
Print File,PrintFile075-0460,4x6 fold-flap photo sleeves,50,Mylar,,https://printfile.com/product/4x6-foldflap/,https://i2.wp.com/printfile.com/wp-content/uploads/2019/11/FoldFlap-print_WEB.jpg?fit=1023%2C1023&ssl=1
Print File,PrintFile075-0570,5x7 fold-flap photo sleeves,50,Mylar,,https://printfile.com/product/ff57-foldflap-50pack/,https://i2.wp.com/printfile.com/wp-content/uploads/2019/11/FoldFlap-print_WEB.jpg?fit=1023%2C1023&ssl=1
Print File,PrintFile941-3002,8.5x11 bufferred interleaving paper,100,Other,,https://printfile.com/product/ubwc8511/,https://i1.wp.com/printfile.com/wp-content/uploads/2015/10/products-archivalpaper.jpg?fit=800%2C498&ssl=1
RoyalBags,RB0405.4,"4x5, 4 mil. reclosable bags ",1000,Other,,https://www.royalbag.com/4-x-5-4-Mil-Clear-Reclosable-Bags/product/1323,https://www.royalbag.com/catalogimages/x4-Mil-Clear-Reclosable-Bags-83.jpg.pagespeed.ic.ng61hZSkgi.webp
Stil Casing,Stil-AP161200,16mm/1200ft. Vented polypropylene container,18,Film,,http://stilcasing.com/products/16mm-casing/,http://stilcasing.com/wp-content/themes/stil_casing_theme/dist/img/products/analogue/16mm/2.jpg
Stil Casing,Stil-AP16400,16mm/400ft. Vented polypropylene container,40,Film,,http://stilcasing.com/products/16mm-casing/,http://stilcasing.com/wp-content/themes/stil_casing_theme/dist/img/products/analogue/16mm/2.jpg
Stil Casing,Stil-AP16800,16mm/800ft. Vented polypropylene container,18,Film,,http://stilcasing.com/products/16mm-casing/,http://stilcasing.com/wp-content/themes/stil_casing_theme/dist/img/products/analogue/16mm/2.jpg
Stil Casing,Stil-APA200C,Tape box that works with 8mm film 7.5x7.5x0.5 64/pack,1,Film,,http://stilcasing.com/products/audio-tape-box/,http://stilcasing.com/wp-content/themes/stil_casing_theme/dist/img/products/analogue/audio/3.jpg
Talas,TalasMylar1319,4 mil. 13.25x19.25 mylar,0,Mylar,,https://www.talasonline.com/Mylar-Sleeves,https://www.talasonline.com/images/Mylar-Sleeves_PARENT-0.jpg?resizeid=17&resizeh=1200&resizew=1200
University Products,UnivProd342-2410,"Rare book id strips 2.25x10, without tab",100,Other,,https://www.universityproducts.com/rare-book-identa-strips.html,https://www.universityproducts.com/pub/media/amasty/webp/catalog/product/cache/591a531bce9b794be85a3e161a840cc2/m/a/main_313_jpg.webp
University Products,UnivProd415-12151,lid for tray system,1,Boxes,,https://www.universityproducts.com/b-flute-artifact-storage-tray-system.html,https://www.universityproducts.com/pub/media/amasty/webp/catalog/product/cache/591a531bce9b794be85a3e161a840cc2/c/a/category_410_s_982_jpg.webp
University Products,UnivProd613-0625,6 compartment tray,1,Boxes,,https://www.universityproducts.com/b-flute-artifact-storage-tray-system.html,https://www.universityproducts.com/pub/media/amasty/webp/catalog/product/cache/591a531bce9b794be85a3e161a840cc2/c/a/category_410_s_985_jpg.webp
University Products,UnivProd613-2943,29x53x2 Archival Movie Poster Box,1,Boxes,,https://www.universityproducts.com/archival-movie-poster-box.html,https://www.universityproducts.com/pub/media/amasty/webp/catalog/product/cache/591a531bce9b794be85a3e161a840cc2/m/a/main_716_jpg.webp
University Products,UnivProd737-2943,28.5x42.5 Movie Poster L-Velopes ,10,Mylar,,https://www.universityproducts.com/movie-poster-l-velopes.html,https://www.universityproducts.com/pub/media/amasty/webp/catalog/product/cache/591a531bce9b794be85a3e161a840cc2/m/a/main_2177_jpg.webp
Watson Label Products,Watson02/S55N/CB,barcodes ,36000,Other,special order,,
,134,,,,,,